fold,auc
1,0.795044
2,0.79131
3,0.78526
4,0.796099
5,0.796631
6,0.785199
7,0.790664
8,0.789533
9,0.796374
10,0.79039
