fold,auc
1,0.7948314621687773
2,0.7922523936822108
3,0.7861684837095637
4,0.7952186893075672
5,0.7988293512885862
6,0.787432431724131
7,0.7918944943738079
8,0.7920017641961495
9,0.7975034017605013
10,0.7931132358344295
